date;n1;n2;n3;n4;n5
06/11/2019;28;35;41;44;48
09/11/2019;4;9;13;28;49
11/11/2019;16;18;32;44;45
13/11/2019;2;25;42;44;49
16/11/2019;13;15;30;39;41
18/11/2019;20;22;36;37;40
20/11/2019;3;13;31;40;42
23/11/2019;10;33;35;40;43
25/11/2019;4;14;41;45;47
27/11/2019;5;11;25;27;32
30/11/2019;4;24;25;39;40
02/12/2019;5;12;14;40;45
04/12/2019;24;29;30;36;44
07/12/2019;2;5;8;24;48
09/12/2019;3;5;16;42;44
11/12/2019;9;15;40;48;49
14/12/2019;6;8;12;36;44
16/12/2019;1;6;31;40;49
18/12/2019;6;23;28;36;44
21/12/2019;1;12;14;22;49
23/12/2019;4;5;35;40;48
25/12/2019;12;23;27;32;44
28/12/2019;10;18;42;44;45
30/12/2019;17;22;27;42;44
01/01/2020;5;21;29;40;44
04/01/2020;13;25;26;39;40
06/01/2020;5;15;17;42;44
08/01/2020;6;15;18;24;29
11/01/2020;3;13;14;22;33
13/01/2020;3;8;15;35;44
15/01/2020;3;6;20;36;41
18/01/2020;2;4;5;28;49
20/01/2020;4;6;29;31;45
22/01/2020;9;12;35;36;43
25/01/2020;7;8;15;40;44
27/01/2020;15;22;32;37;45
29/01/2020;9;12;18;25;37
01/02/2020;13;36;40;46;48
03/02/2020;6;7;9;33;47
05/02/2020;18;22;28;43;46
08/02/2020;7;22;29;37;46
10/02/2020;6;10;11;28;36
12/02/2020;27;29;31;44;47
15/02/2020;1;4;32;43;45
17/02/2020;2;4;17;27;44
19/02/2020;19;25;30;38;40
22/02/2020;12;24;33;37;42
24/02/2020;3;11;28;31;44
26/02/2020;15;36;38;42;46
29/02/2020;10;12;26;36;41
02/03/2020;1;21;33;38;49
04/03/2020;1;4;6;17;29
07/03/2020;11;14;29;30;39
09/03/2020;5;19;39;44;48
11/03/2020;3;10;23;39;47
14/03/2020;1;28;32;34;36
16/03/2020;6;12;28;45;48
18/03/2020;4;14;25;34;40
21/03/2020;3;5;35;36;40
23/03/2020;2;5;12;19;29
25/03/2020;16;28;35;38;43
28/03/2020;5;22;35;38;39
30/03/2020;4;10;14;38;39
01/04/2020;1;16;19;36;44
04/04/2020;13;23;24;38;48
06/04/2020;3;12;17;18;19
08/04/2020;24;27;42;43;49
11/04/2020;12;15;20;24;49
13/04/2020;13;14;18;43;44
15/04/2020;3;7;18;48;49
18/04/2020;11;14;33;36;41
20/04/2020;19;26;29;30;45
22/04/2020;27;29;32;33;49
25/04/2020;3;9;26;34;43
27/04/2020;1;7;16;20;39
29/04/2020;5;7;32;34;42
02/05/2020;7;11;18;21;42
04/05/2020;7;16;24;36;47
06/05/2020;1;20;40;45;49
09/05/2020;2;11;30;35;46
11/05/2020;13;17;20;27;33
13/05/2020;11;19;21;24;48
16/05/2020;9;26;31;37;47
18/05/2020;27;32;36;37;44
20/05/2020;24;25;35;39;43
23/05/2020;5;7;26;32;46
25/05/2020;7;24;36;43;47
27/05/2020;3;12;22;37;49
30/05/2020;3;5;33;36;45
01/06/2020;4;8;21;40;41
03/06/2020;15;19;40;44;47
06/06/2020;19;22;23;40;41
08/06/2020;1;2;13;33;38
10/06/2020;15;25;31;35;49
13/06/2020;5;10;16;43;45
15/06/2020;19;24;25;33;41
17/06/2020;1;19;23;28;39
20/06/2020;14;15;20;36;48
22/06/2020;15;34;36;44;46
24/06/2020;5;9;24;30;31
27/06/2020;12;16;20;34;49
29/06/2020;14;18;19;29;41
01/07/2020;18;21;34;37;48
04/07/2020;6;8;22;27;33
06/07/2020;1;2;5;19;39
08/07/2020;3;5;14;20;44
11/07/2020;4;17;24;34;43
13/07/2020;1;9;12;15;22
15/07/2020;12;16;17;29;31
18/07/2020;12;23;26;28;39
20/07/2020;1;11;37;39;48
22/07/2020;28;29;30;35;47
25/07/2020;11;29;32;40;43
27/07/2020;17;22;23;32;45
29/07/2020;9;36;42;43;49
01/08/2020;10;26;31;41;44
03/08/2020;11;26;29;30;44
05/08/2020;9;16;28;39;43
08/08/2020;5;9;18;26;32
10/08/2020;8;20;34;44;46
12/08/2020;15;25;28;42;44
15/08/2020;7;16;38;41;42
17/08/2020;8;11;15;38;45
19/08/2020;3;32;33;39;49
22/08/2020;4;5;29;35;42
24/08/2020;17;21;30;32;36
26/08/2020;17;33;36;43;49
29/08/2020;4;19;27;31;43
31/08/2020;5;13;14;45;48
02/09/2020;24;26;31;32;47
05/09/2020;4;9;10;18;26
07/09/2020;6;8;41;46;47
09/09/2020;2;15;28;39;40
12/09/2020;12;19;21;35;43
14/09/2020;10;31;42;45;48
16/09/2020;8;10;19;29;46
19/09/2020;6;8;9;22;27
21/09/2020;17;19;24;26;35
23/09/2020;22;23;28;33;37
26/09/2020;11;14;15;32;38
28/09/2020;20;27;40;42;48
30/09/2020;16;19;24;43;44
03/10/2020;16;18;27;32;39
05/10/2020;1;9;14;16;37
07/10/2020;5;28;35;41;47
10/10/2020;23;34;39;47;48
12/10/2020;2;4;7;23;36
14/10/2020;6;16;19;20;34
17/10/2020;10;18;24;29;30
19/10/2020;35;36;37;40;49
21/10/2020;6;10;19;32;35
24/10/2020;4;6;10;19;47
26/10/2020;5;7;8;11;33
28/10/2020;3;21;29;36;49
31/10/2020;20;31;35;40;49
02/11/2020;4;18;34;35;48
04/11/2020;5;6;9;21;24
07/11/2020;11;16;20;24;33
09/11/2020;3;27;36;43;46
11/11/2020;14;16;18;39;41
14/11/2020;9;11;38;43;47
16/11/2020;2;8;18;46;49
18/11/2020;4;5;12;16;37
21/11/2020;3;9;18;25;48
23/11/2020;4;17;19;29;38
25/11/2020;1;3;13;22;33
28/11/2020;9;14;33;41;48
30/11/2020;10;15;17;41;47
02/12/2020;1;3;14;30;47
05/12/2020;4;6;13;20;22
07/12/2020;6;13;20;38;47
09/12/2020;2;26;28;31;43
12/12/2020;1;17;20;41;46
14/12/2020;6;7;9;23;41
16/12/2020;8;13;15;40;46
19/12/2020;4;25;27;41;45
21/12/2020;13;14;19;28;43
23/12/2020;8;11;22;31;38
26/12/2020;8;18;35;40;46
28/12/2020;1;7;44;45;49
30/12/2020;5;16;27;32;41
02/01/2021;10;11;31;32;39
04/01/2021;6;16;25;37;46
06/01/2021;10;23;25;34;44
09/01/2021;7;22;32;38;40
11/01/2021;1;9;14;26;37
13/01/2021;5;6;11;28;49
16/01/2021;8;12;29;36;39
18/01/2021;5;14;30;46;47
20/01/2021;5;16;35;42;49
23/01/2021;21;27;38;39;43
25/01/2021;3;13;17;21;23
27/01/2021;2;9;12;25;46
30/01/2021;6;21;28;31;47
01/02/2021;7;17;19;24;27
03/02/2021;10;26;32;36;41
06/02/2021;8;9;15;29;38
08/02/2021;7;8;18;37;49
10/02/2021;4;5;20;25;40
13/02/2021;18;34;37;44;49
15/02/2021;10;24;36;39;41
17/02/2021;11;27;28;29;48
20/02/2021;4;6;31;35;49
22/02/2021;6;11;18;19;30
24/02/2021;7;18;39;43;45
27/02/2021;12;23;32;36;48
01/03/2021;13;16;27;28;36
03/03/2021;4;5;6;15;35
06/03/2021;6;13;18;24;29
08/03/2021;4;6;8;13;16
10/03/2021;5;8;14;16;49
13/03/2021;3;5;9;43;44
15/03/2021;3;9;12;30;33
17/03/2021;1;18;28;29;41
20/03/2021;19;28;32;40;42
22/03/2021;7;21;29;30;36
24/03/2021;1;4;43;45;47
27/03/2021;7;29;36;38;43
29/03/2021;2;23;24;35;38
31/03/2021;3;18;20;29;39
03/04/2021;13;16;19;35;48
05/04/2021;1;3;7;33;40
07/04/2021;25;37;38;41;46
10/04/2021;31;34;38;41;44
12/04/2021;8;14;16;17;32
14/04/2021;11;16;18;23;40
17/04/2021;20;28;29;36;46
19/04/2021;4;11;25;33;35
21/04/2021;3;11;17;27;49
24/04/2021;4;21;33;34;48
26/04/2021;1;13;33;35;37
28/04/2021;1;4;5;9;35
01/05/2021;3;9;12;19;45
03/05/2021;10;13;14;23;47
05/05/2021;2;4;39;45;47
08/05/2021;2;8;31;33;46
10/05/2021;11;34;36;39;47
12/05/2021;1;12;22;31;36
15/05/2021;3;8;12;20;28
17/05/2021;9;11;17;21;29
19/05/2021;4;38;45;46;48
22/05/2021;10;32;34;37;44
24/05/2021;12;23;35;37;42
26/05/2021;12;35;36;45;47
29/05/2021;7;22;30;32;42
31/05/2021;12;27;31;35;37
02/06/2021;6;9;22;39;48
05/06/2021;4;25;31;36;44
07/06/2021;7;15;18;23;30
09/06/2021;10;16;24;30;46
12/06/2021;5;12;23;34;44
14/06/2021;14;27;30;31;43
16/06/2021;1;11;27;32;49
19/06/2021;3;11;19;28;48
21/06/2021;1;7;8;31;47
23/06/2021;4;26;28;44;45
26/06/2021;9;25;36;37;49
28/06/2021;8;9;29;39;44
30/06/2021;5;9;17;38;49
03/07/2021;8;10;21;25;43
05/07/2021;1;6;28;34;46
07/07/2021;5;18;39;40;44
10/07/2021;1;23;30;34;49
12/07/2021;1;2;7;8;17
14/07/2021;3;10;20;36;37
17/07/2021;6;12;22;32;48
19/07/2021;9;15;21;23;25
21/07/2021;3;30;44;48;49
24/07/2021;10;13;25;37;49
26/07/2021;5;24;39;44;45
28/07/2021;16;17;18;45;48
31/07/2021;2;30;31;41;42
02/08/2021;14;16;26;27;32
04/08/2021;7;13;21;42;47
07/08/2021;13;15;20;26;30
09/08/2021;3;4;14;21;36
11/08/2021;2;4;23;34;39
14/08/2021;7;11;22;30;39
16/08/2021;7;9;11;32;44
18/08/2021;10;34;37;42;49
21/08/2021;4;9;20;23;38
23/08/2021;1;11;13;20;21
25/08/2021;24;29;33;45;49
28/08/2021;3;28;32;38;43
30/08/2021;10;12;15;33;39
01/09/2021;17;18;23;25;34
04/09/2021;9;22;25;46;48
06/09/2021;12;19;20;39;44
08/09/2021;1;4;9;12;42
11/09/2021;15;25;27;40;49
13/09/2021;7;21;28;36;44
15/09/2021;5;11;22;28;33
18/09/2021;15;17;40;45;48
20/09/2021;18;25;28;40;43
22/09/2021;15;16;32;44;48
25/09/2021;3;11;13;21;41
27/09/2021;17;23;27;46;49
29/09/2021;11;22;24;25;38
02/10/2021;22;34;35;36;43
04/10/2021;7;23;26;34;42
06/10/2021;1;12;13;44;48
09/10/2021;9;12;14;28;41
11/10/2021;3;13;39;42;44
13/10/2021;14;29;35;40;41
16/10/2021;9;12;24;27;43
18/10/2021;5;6;11;20;29
20/10/2021;3;13;23;24;47
23/10/2021;16;27;33;41;47
25/10/2021;8;10;13;33;45
27/10/2021;19;25;39;44;47
30/10/2021;1;16;23;41;46
01/11/2021;17;33;34;45;48
03/11/2021;9;24;27;28;49
06/11/2021;3;23;24;39;40
08/11/2021;11;13;26;30;43
10/11/2021;12;19;25;40;42
13/11/2021;4;5;13;33;38
15/11/2021;1;10;19;21;23
17/11/2021;9;19;32;36;38
20/11/2021;10;35;38;39;41
22/11/2021;15;20;30;31;42
24/11/2021;11;14;42;43;46
27/11/2021;3;22;30;34;37
29/11/2021;21;32;33;39;48
01/12/2021;3;15;17;41;49
04/12/2021;1;7;14;33;39
06/12/2021;3;20;24;29;49
08/12/2021;8;15;17;27;36
11/12/2021;2;14;25;26;41
13/12/2021;6;12;15;23;35
15/12/2021;15;27;30;31;46
18/12/2021;4;6;30;32;45
20/12/2021;13;20;30;41;45
22/12/2021;22;33;35;36;43
25/12/2021;1;8;24;31;32
27/12/2021;4;20;25;27;37
29/12/2021;7;9;13;31;42
01/01/2022;15;19;30;38;43
03/01/2022;7;11;34;39;42
05/01/2022;7;11;29;41;43
08/01/2022;3;18;37;43;45
10/01/2022;20;21;28;31;33
12/01/2022;5;16;21;26;43
15/01/2022;2;8;16;22;44
17/01/2022;8;16;29;33;40
19/01/2022;11;14;23;32;44
22/01/2022;6;7;11;23;37
24/01/2022;13;14;24;31;42
26/01/2022;1;6;25;28;45
29/01/2022;2;13;14;20;41
31/01/2022;5;32;35;40;44
02/02/2022;5;15;26;29;44
05/02/2022;12;19;39;42;48
07/02/2022;4;28;35;36;37
09/02/2022;8;16;19;22;32
12/02/2022;17;22;41;46;49
14/02/2022;3;15;45;47;48
16/02/2022;10;17;19;46;48
19/02/2022;7;17;20;36;44
21/02/2022;4;7;15;18;42
23/02/2022;5;26;29;30;34
26/02/2022;27;29;32;42;46
28/02/2022;3;4;12;32;36
02/03/2022;3;25;30;35;47
05/03/2022;13;25;30;33;49
07/03/2022;7;16;27;30;43
09/03/2022;7;12;20;22;37
12/03/2022;5;14;16;22;23
14/03/2022;21;22;27;28;29
16/03/2022;7;24;33;34;36
19/03/2022;2;8;19;21;30
21/03/2022;14;30;36;39;40
23/03/2022;21;22;27;29;32
26/03/2022;20;25;33;42;45
28/03/2022;3;8;24;33;38
30/03/2022;4;5;17;30;37
02/04/2022;1;2;19;25;26
04/04/2022;3;18;27;39;44
06/04/2022;15;24;36;41;49
09/04/2022;10;18;24;28;38
11/04/2022;8;13;15;29;41
13/04/2022;2;9;11;12;24
16/04/2022;1;19;20;44;45
18/04/2022;5;24;27;30;45
20/04/2022;14;19;39;43;44
23/04/2022;3;35;39;43;44
25/04/2022;2;22;43;45;47
27/04/2022;13;18;27;30;40
30/04/2022;8;13;20;31;35
02/05/2022;2;3;13;23;49
04/05/2022;10;13;30;31;40
07/05/2022;12;18;19;24;42
09/05/2022;20;25;29;42;48
11/05/2022;7;23;27;32;39
14/05/2022;30;33;46;48;49
16/05/2022;4;13;24;27;29
18/05/2022;3;6;19;27;45
21/05/2022;13;29;32;44;45
23/05/2022;5;13;18;43;49
25/05/2022;8;9;24;31;39
28/05/2022;1;8;11;36;44
30/05/2022;9;19;29;31;38
01/06/2022;3;5;6;14;24
04/06/2022;13;37;42;43;44
06/06/2022;1;4;16;18;49
08/06/2022;17;30;46;47;49
11/06/2022;6;12;24;26;36
13/06/2022;7;22;31;37;44
15/06/2022;1;23;30;32;47
18/06/2022;9;26;30;31;38
20/06/2022;16;23;37;41;45
22/06/2022;11;18;22;35;43
25/06/2022;2;4;19;31;45
27/06/2022;8;13;14;30;46
29/06/2022;3;10;25;37;44
02/07/2022;6;14;38;41;42
04/07/2022;3;13;32;37;44
06/07/2022;7;12;15;23;38
09/07/2022;4;5;8;33;38
11/07/2022;10;12;22;25;36
13/07/2022;4;9;21;31;33
16/07/2022;9;13;19;45;48
18/07/2022;22;29;30;42;45
20/07/2022;24;34;35;46;47
23/07/2022;3;23;37;43;44
25/07/2022;4;5;19;43;48
27/07/2022;21;25;28;33;41
30/07/2022;5;12;17;22;23
01/08/2022;15;24;36;45;47
03/08/2022;10;14;23;28;31
06/08/2022;2;21;29;38;44
08/08/2022;8;10;16;26;35
10/08/2022;11;16;32;40;41
13/08/2022;28;34;36;38;41
15/08/2022;18;19;25;43;47
17/08/2022;13;31;34;42;43
20/08/2022;3;20;28;44;46
22/08/2022;1;4;10;21;25
24/08/2022;1;4;10;26;33
27/08/2022;11;15;32;37;49
29/08/2022;6;7;12;35;36
31/08/2022;8;12;16;24;33
03/09/2022;5;6;24;33;44
05/09/2022;2;8;18;31;44
07/09/2022;1;21;24;25;34
10/09/2022;3;4;23;32;41
12/09/2022;1;2;14;23;25
14/09/2022;2;12;18;25;36
17/09/2022;14;18;19;39;48
19/09/2022;8;17;22;36;38
21/09/2022;5;16;37;39;48
24/09/2022;5;14;15;38;43
26/09/2022;1;7;43;47;48
28/09/2022;10;11;26;42;46
01/10/2022;20;27;39;45;46
03/10/2022;6;25;33;41;48
05/10/2022;9;20;24;41;42
08/10/2022;11;17;24;30;37
10/10/2022;23;24;26;44;49
12/10/2022;6;7;24;35;46
15/10/2022;23;33;34;40;49
17/10/2022;29;35;40;45;49
19/10/2022;5;9;21;33;36
22/10/2022;19;20;26;34;43
24/10/2022;1;8;17;24;42
26/10/2022;2;10;29;30;31
29/10/2022;5;8;13;15;43
31/10/2022;1;3;17;18;19
02/11/2022;11;12;23;24;47
05/11/2022;9;13;14;29;35
07/11/2022;25;26;41;43;49
09/11/2022;2;3;7;19;45
12/11/2022;1;20;24;33;46
14/11/2022;20;28;38;41;47
16/11/2022;19;30;32;41;45
19/11/2022;17;23;28;38;44
21/11/2022;9;18;35;39;41
23/11/2022;1;3;26;31;35
26/11/2022;1;26;39;43;49
28/11/2022;6;21;30;35;47
30/11/2022;24;37;44;46;48
03/12/2022;16;22;24;26;47
05/12/2022;1;4;6;12;42
07/12/2022;4;7;11;38;44
10/12/2022;4;16;26;33;48
12/12/2022;3;12;13;23;34
14/12/2022;17;30;31;37;41
17/12/2022;1;11;30;31;49
19/12/2022;5;10;14;26;30
21/12/2022;12;18;41;42;45
24/12/2022;24;27;30;36;37
26/12/2022;14;17;23;41;42
28/12/2022;9;13;35;39;41
31/12/2022;4;12;20;24;47
02/01/2023;7;17;22;23;38
04/01/2023;7;13;15;24;38
07/01/2023;14;17;21;37;41
09/01/2023;6;14;26;41;44
11/01/2023;6;9;11;47;48
14/01/2023;13;19;20;26;42
16/01/2023;18;19;25;42;48
18/01/2023;12;18;44;45;48
21/01/2023;13;17;22;28;49
23/01/2023;6;8;19;27;39
25/01/2023;9;13;19;33;39
28/01/2023;14;16;27;37;40
30/01/2023;14;23;28;35;42
01/02/2023;1;5;13;16;34
04/02/2023;11;13;28;36;38
06/02/2023;4;19;24;40;47
08/02/2023;29;30;36;41;45
11/02/2023;3;25;28;40;45
13/02/2023;3;4;5;13;22
15/02/2023;1;10;20;24;49
18/02/2023;24;27;28;40;42
20/02/2023;6;13;18;29;34
22/02/2023;10;19;20;23;43
25/02/2023;19;21;27;32;41
27/02/2023;4;31;33;36;37
01/03/2023;14;22;25;29;33
04/03/2023;1;12;15;19;23
06/03/2023;16;24;29;33;45
08/03/2023;4;10;16;19;37
11/03/2023;2;9;16;47;49
13/03/2023;7;30;32;34;35
15/03/2023;12;16;21;25;34
18/03/2023;6;22;28;32;46
20/03/2023;7;22;26;35;44
22/03/2023;8;10;14;19;44
25/03/2023;6;15;25;27;48
27/03/2023;3;8;13;35;36
29/03/2023;5;8;16;26;29
01/04/2023;2;13;21;30;44
03/04/2023;2;4;15;23;29
05/04/2023;6;13;23;31;34
08/04/2023;5;16;20;32;46
10/04/2023;26;33;36;39;48
12/04/2023;3;4;16;23;31
15/04/2023;9;14;16;30;42
17/04/2023;16;19;24;32;35
19/04/2023;2;12;33;34;44
22/04/2023;12;17;29;34;49
24/04/2023;9;11;22;24;29
26/04/2023;14;17;24;46;49
29/04/2023;2;4;11;19;47
01/05/2023;7;17;18;30;42
03/05/2023;16;29;32;37;44
06/05/2023;4;11;13;23;28
08/05/2023;12;22;25;28;49
10/05/2023;11;13;18;25;47
13/05/2023;6;7;26;32;44
15/05/2023;13;24;27;29;38
17/05/2023;7;14;16;38;47
20/05/2023;19;20;33;35;48
22/05/2023;3;16;22;44;46
24/05/2023;22;31;32;35;36
27/05/2023;7;34;37;43;49
29/05/2023;4;5;24;34;43
31/05/2023;5;8;20;27;28
03/06/2023;9;18;24;28;48
05/06/2023;7;11;18;31;44
07/06/2023;1;3;6;10;44
10/06/2023;14;20;27;35;43
12/06/2023;6;10;20;42;47
14/06/2023;6;10;14;23;31
17/06/2023;20;27;37;38;48
19/06/2023;3;8;18;28;34
21/06/2023;8;16;19;20;45
24/06/2023;10;34;36;47;48
26/06/2023;3;12;22;36;48
28/06/2023;6;22;28;41;48
01/07/2023;8;13;27;36;48
03/07/2023;4;11;22;27;43
05/07/2023;18;21;32;41;47
08/07/2023;17;19;33;39;41
10/07/2023;2;19;28;39;45
12/07/2023;19;20;28;30;47
15/07/2023;9;10;16;29;41
17/07/2023;25;26;28;31;45
19/07/2023;10;21;36;40;46
22/07/2023;1;5;7;25;26
24/07/2023;22;25;28;44;49
26/07/2023;1;14;26;28;49
29/07/2023;2;3;9;24;49
31/07/2023;21;27;33;40;44
02/08/2023;4;10;18;20;45
05/08/2023;9;11;16;37;42
07/08/2023;13;16;17;37;45
09/08/2023;10;14;27;33;35
12/08/2023;7;10;21;29;47
14/08/2023;16;19;21;32;37
16/08/2023;11;20;31;41;42
19/08/2023;7;33;34;44;49
21/08/2023;3;6;12;40;43
23/08/2023;3;5;7;22;40
26/08/2023;10;13;19;39;43
28/08/2023;2;8;20;36;38
30/08/2023;22;23;24;31;40
02/09/2023;2;10;11;33;47
04/09/2023;1;11;29;30;48
06/09/2023;11;24;25;26;30
09/09/2023;6;15;24;28;33
11/09/2023;3;10;16;35;42
13/09/2023;14;23;39;44;45
16/09/2023;3;8;27;48;49
18/09/2023;2;19;20;28;38
20/09/2023;18;21;28;41;45
23/09/2023;2;12;27;41;46
25/09/2023;2;9;30;34;47
27/09/2023;16;17;30;38;45
30/09/2023;1;13;16;19;25
02/10/2023;10;16;20;29;48
04/10/2023;3;16;19;22;34
07/10/2023;9;11;17;39;40
09/10/2023;5;7;19;20;25
11/10/2023;8;25;36;37;47
14/10/2023;15;20;24;35;40
16/10/2023;8;32;34;36;43
18/10/2023;6;16;28;29;33
21/10/2023;3;17;19;44;46
23/10/2023;1;6;7;40;43
25/10/2023;13;33;35;40;48
28/10/2023;20;25;29;34;46
30/10/2023;8;15;19;25;44
01/11/2023;8;14;24;32;39
04/11/2023;13;16;22;29;47
06/11/2023;2;4;40;45;46
08/11/2023;2;18;26;30;33
11/11/2023;17;27;32;36;41
13/11/2023;12;15;32;36;48
15/11/2023;16;27;36;38;47
18/11/2023;14;33;35;36;48
20/11/2023;8;28;40;41;47
22/11/2023;1;15;19;23;24
25/11/2023;7;10;41;42;43
27/11/2023;6;7;8;26;40
29/11/2023;2;6;7;28;34
02/12/2023;2;11;15;20;29
04/12/2023;8;29;37;46;48
06/12/2023;22;28;33;40;43
09/12/2023;11;13;15;20;36
11/12/2023;13;15;21;23;47
13/12/2023;5;8;26;40;48
16/12/2023;5;16;17;37;42
18/12/2023;2;17;31;35;39
20/12/2023;2;9;26;45;47
23/12/2023;9;23;30;33;37
25/12/2023;1;17;25;31;32
27/12/2023;1;26;35;39;43
30/12/2023;6;17;24;28;31
01/01/2024;1;33;34;35;47
03/01/2024;18;22;34;36;42
06/01/2024;5;20;30;33;41
08/01/2024;11;15;19;24;32
10/01/2024;9;32;43;44;46
13/01/2024;7;27;29;42;43
15/01/2024;2;3;16;24;44
17/01/2024;13;23;33;37;42
20/01/2024;11;23;24;25;32
22/01/2024;2;9;10;21;31
24/01/2024;19;23;25;46;47
27/01/2024;11;24;29;30;33
29/01/2024;5;7;24;28;49
31/01/2024;8;10;29;30;32
03/02/2024;9;11;24;30;33
05/02/2024;6;15;19;37;47
07/02/2024;12;20;23;29;46
10/02/2024;12;19;37;38;46
12/02/2024;9;11;35;45;46
14/02/2024;18;32;36;47;48
17/02/2024;1;5;19;27;46
19/02/2024;7;15;16;34;39
21/02/2024;8;18;27;30;34
24/02/2024;1;7;12;42;45
26/02/2024;7;13;16;25;31
28/02/2024;8;24;29;33;39
02/03/2024;7;11;13;32;38
04/03/2024;9;11;22;26;46
06/03/2024;3;35;37;43;47
09/03/2024;17;27;38;48;49
11/03/2024;5;7;8;16;37
13/03/2024;5;15;20;35;44
16/03/2024;5;15;18;34;45
18/03/2024;13;15;31;35;46
20/03/2024;4;12;21;37;41
23/03/2024;2;16;17;26;28
25/03/2024;5;24;31;37;39
27/03/2024;5;6;11;20;48
30/03/2024;12;21;29;31;44
01/04/2024;2;16;30;36;46
03/04/2024;2;11;28;33;45
06/04/2024;1;10;12;17;23
08/04/2024;2;9;12;44;46
10/04/2024;4;30;31;32;46
13/04/2024;5;9;25;32;47
15/04/2024;6;7;36;37;40
17/04/2024;4;13;19;24;34
20/04/2024;5;15;17;33;44
22/04/2024;2;13;16;21;49
24/04/2024;1;16;17;25;45
27/04/2024;1;6;7;26;46
29/04/2024;2;25;31;32;41
01/05/2024;22;29;34;38;47
04/05/2024;1;26;31;32;39
06/05/2024;3;6;18;41;45
08/05/2024;6;25;36;38;48
11/05/2024;4;8;9;16;36
13/05/2024;15;21;31;32;47
15/05/2024;1;18;40;41;46
18/05/2024;15;19;22;29;47
20/05/2024;3;4;21;32;35
22/05/2024;3;18;21;36;46
25/05/2024;16;19;27;37;39
27/05/2024;2;15;16;17;39
29/05/2024;9;13;26;31;40
01/06/2024;4;6;11;20;38
03/06/2024;6;11;13;15;17
05/06/2024;5;22;25;36;40
08/06/2024;1;19;35;44;47
10/06/2024;1;4;5;9;10
12/06/2024;3;29;30;32;40
15/06/2024;5;9;20;29;42
17/06/2024;6;8;31;36;42
19/06/2024;17;19;27;28;29
22/06/2024;9;11;14;24;43
24/06/2024;26;30;35;41;46
26/06/2024;18;20;23;46;49
29/06/2024;6;13;18;37;48
01/07/2024;15;27;32;40;42
03/07/2024;3;17;20;25;46
06/07/2024;16;19;25;26;28
08/07/2024;3;16;20;42;43
10/07/2024;9;12;19;40;49
13/07/2024;11;14;16;33;39
15/07/2024;11;12;29;39;46
17/07/2024;10;12;28;41;48
20/07/2024;1;3;6;31;43
22/07/2024;2;10;32;33;38
24/07/2024;13;15;19;43;45
27/07/2024;3;26;38;45;48
29/07/2024;8;10;25;29;39
31/07/2024;12;21;41;43;49
03/08/2024;16;18;22;24;39
05/08/2024;3;35;37;41;45
07/08/2024;26;27;40;41;42
10/08/2024;13;15;23;36;46
12/08/2024;17;21;27;40;41
14/08/2024;2;25;32;40;42
17/08/2024;14;22;27;47;49
19/08/2024;5;10;21;22;41
21/08/2024;1;7;10;15;38
24/08/2024;1;7;8;11;40
26/08/2024;3;25;27;32;40
28/08/2024;8;23;28;37;49
31/08/2024;3;6;9;25;37
02/09/2024;8;16;41;42;45
04/09/2024;6;11;22;42;49
07/09/2024;4;7;19;35;44
09/09/2024;3;28;33;35;43
11/09/2024;4;24;40;43;46
14/09/2024;11;21;25;35;41
16/09/2024;9;21;26;40;41
18/09/2024;1;11;21;22;27
21/09/2024;10;15;17;26;39
23/09/2024;3;9;21;25;40
25/09/2024;3;6;7;21;46
28/09/2024;4;19;39;40;48
30/09/2024;3;9;18;24;38
02/10/2024;1;3;8;36;44
05/10/2024;2;11;34;39;48
07/10/2024;9;18;22;37;49
09/10/2024;16;17;22;30;45
12/10/2024;1;8;31;32;42
14/10/2024;3;36;40;44;48
16/10/2024;7;18;35;37;42
19/10/2024;3;19;24;30;33
21/10/2024;4;5;21;28;34
23/10/2024;17;24;27;35;45
26/10/2024;3;6;8;30;35
28/10/2024;16;20;26;34;40
30/10/2024;7;21;23;29;35
02/11/2024;14;15;24;32;33
04/11/2024;14;21;30;32;45
06/11/2024;5;21;30;46;47
09/11/2024;5;23;31;33;34
11/11/2024;1;7;18;27;31
13/11/2024;7;30;37;38;48
16/11/2024;18;20;26;27;43
18/11/2024;11;18;30;31;32
20/11/2024;4;9;15;27;42
23/11/2024;20;25;27;39;46
25/11/2024;1;2;14;30;42
27/11/2024;9;23;31;33;38
30/11/2024;1;22;35;38;41
02/12/2024;2;18;21;22;43
04/12/2024;3;5;15;38;40
07/12/2024;2;14;32;35;41
09/12/2024;7;16;34;35;40
11/12/2024;18;19;29;31;39
14/12/2024;9;18;22;39;41
16/12/2024;2;27;28;41;43
18/12/2024;9;26;31;33;40
21/12/2024;6;16;17;42;47
23/12/2024;8;10;15;24;35
25/12/2024;10;13;25;32;34
28/12/2024;8;15;20;23;27
30/12/2024;3;7;34;37;39
01/01/2025;5;30;39;45;47
04/01/2025;7;16;17;33;46
06/01/2025;12;13;17;23;34
08/01/2025;1;4;24;33;48
11/01/2025;6;19;39;41;49
13/01/2025;6;21;37;47;49
15/01/2025;4;10;25;28;35
18/01/2025;17;26;33;36;46
20/01/2025;14;19;33;39;44
22/01/2025;2;10;27;32;39
25/01/2025;21;29;31;33;36
27/01/2025;1;8;11;38;49
29/01/2025;25;31;38;42;43
01/02/2025;3;10;11;34;42
03/02/2025;1;13;18;26;46
05/02/2025;4;13;16;28;36
08/02/2025;4;24;27;28;40
10/02/2025;3;17;18;28;39
12/02/2025;7;12;13;27;46
15/02/2025;2;5;9;44;47
17/02/2025;11;12;14;18;25
19/02/2025;15;28;41;45;47
22/02/2025;16;18;40;44;47
24/02/2025;4;7;8;17;32
26/02/2025;5;11;32;34;35
01/03/2025;2;17;26;40;41
03/03/2025;9;17;20;26;28
05/03/2025;6;15;33;36;38
08/03/2025;27;28;31;32;43
10/03/2025;6;9;21;34;47
12/03/2025;10;13;19;20;26
15/03/2025;4;7;16;30;47
17/03/2025;1;15;24;43;47
19/03/2025;1;13;20;23;44
22/03/2025;9;12;28;31;47
24/03/2025;3;13;18;33;34
26/03/2025;8;9;12;26;32
29/03/2025;2;7;12;20;33
31/03/2025;7;20;23;36;43
02/04/2025;13;18;21;41;42
05/04/2025;14;21;29;38;49
07/04/2025;7;24;33;38;40
09/04/2025;1;2;6;13;20
12/04/2025;16;19;23;44;48
14/04/2025;1;3;12;15;46
16/04/2025;23;25;30;39;40
19/04/2025;4;8;11;21;30
21/04/2025;8;9;36;45;46
23/04/2025;10;14;36;40;43
26/04/2025;9;15;19;27;33
28/04/2025;15;17;18;28;46
30/04/2025;22;29;31;43;45
03/05/2025;2;4;6;10;17
05/05/2025;2;43;44;47;49
07/05/2025;4;24;25;33;46
10/05/2025;23;27;37;40;49
12/05/2025;4;11;12;15;28
14/05/2025;20;30;32;42;46
17/05/2025;4;7;9;13;38
19/05/2025;5;26;28;40;41
21/05/2025;3;16;29;31;43
24/05/2025;3;12;32;41;45
26/05/2025;10;11;13;36;37
28/05/2025;6;10;11;16;48
31/05/2025;6;10;25;26;32
02/06/2025;21;24;27;34;47
04/06/2025;4;12;13;15;39
07/06/2025;2;13;15;26;33
09/06/2025;3;15;21;38;46
11/06/2025;8;9;12;28;48
14/06/2025;2;9;22;28;30
16/06/2025;5;22;31;36;43
18/06/2025;6;9;18;33;41
21/06/2025;13;16;19;23;40
23/06/2025;4;10;24;34;37
25/06/2025;8;9;27;28;42
28/06/2025;1;5;22;40;48
30/06/2025;6;14;15;27;47
02/07/2025;21;23;32;37;49
05/07/2025;18;21;25;29;48
07/07/2025;25;26;31;35;42
09/07/2025;6;7;20;37;49
12/07/2025;8;13;20;38;49
14/07/2025;12;13;15;19;36
16/07/2025;4;27;35;42;43
19/07/2025;13;16;41;45;46
21/07/2025;3;5;24;28;44
23/07/2025;2;6;27;41;49
26/07/2025;14;15;42;44;48
28/07/2025;2;14;17;29;34
30/07/2025;17;18;24;35;43
02/08/2025;5;42;43;44;47
04/08/2025;2;8;16;27;37
06/08/2025;6;26;27;34;42
09/08/2025;12;15;24;30;43
11/08/2025;27;32;33;35;40
13/08/2025;27;38;41;42;45
16/08/2025;4;10;25;40;47
18/08/2025;14;22;36;43;46
20/08/2025;1;12;14;19;43
23/08/2025;4;10;26;33;45
25/08/2025;8;18;27;47;49
27/08/2025;14;20;25;38;49
30/08/2025;2;23;24;36;39
01/09/2025;1;9;39;44;46
03/09/2025;4;24;25;28;39
06/09/2025;4;7;13;33;46
08/09/2025;3;7;24;31;49
10/09/2025;5;9;18;24;35
13/09/2025;10;16;42;44;46
15/09/2025;7;10;14;39;43
17/09/2025;1;26;28;36;40
20/09/2025;1;15;19;29;30
22/09/2025;15;23;29;40;42
24/09/2025;9;20;25;29;45
27/09/2025;11;25;30;31;38
29/09/2025;1;12;17;20;36
01/10/2025;5;12;27;29;39
04/10/2025;5;25;26;35;48
06/10/2025;11;16;19;27;46
08/10/2025;1;7;22;34;38
11/10/2025;28;33;35;48;49
13/10/2025;13;15;19;30;42
15/10/2025;6;11;21;38;49
18/10/2025;1;6;29;30;32
20/10/2025;3;5;7;21;48
22/10/2025;1;3;15;23;39
25/10/2025;1;16;23;26;39
27/10/2025;7;28;38;44;45
29/10/2025;6;13;25;29;36
01/11/2025;12;14;27;29;41
03/11/2025;5;6;16;18;23
05/11/2025;4;5;8;36;45
08/11/2025;18;23;24;36;41
10/11/2025;10;24;28;32;34
12/11/2025;4;16;21;32;44
15/11/2025;3;13;27;41;43
17/11/2025;5;17;22;24;39
19/11/2025;13;33;35;41;47
22/11/2025;5;12;14;42;44
24/11/2025;6;18;33;36;43
26/11/2025;4;13;16;25;31
29/11/2025;9;11;17;24;33
01/12/2025;19;26;32;41;49
03/12/2025;3;8;9;16;26
06/12/2025;4;7;10;25;30
08/12/2025;5;13;14;37;48
10/12/2025;25;29;37;38;40
13/12/2025;11;12;22;25;40
15/12/2025;13;18;23;27;28
17/12/2025;2;4;27;34;47
20/12/2025;11;14;18;41;42
22/12/2025;1;12;34;45;48
24/12/2025;11;17;22;26;40
27/12/2025;6;12;20;37;39
29/12/2025;3;16;33;39;44
31/12/2025;9;23;34;35;40
03/01/2026;3;6;16;19;33
05/01/2026;22;43;46;47;48
07/01/2026;24;25;33;38;49
10/01/2026;9;16;17;19;42
12/01/2026;5;12;13;35;49
14/01/2026;22;24;28;34;39
17/01/2026;30;34;35;47;48
19/01/2026;7;26;33;36;42
21/01/2026;9;15;26;27;39
24/01/2026;4;27;41;43;46
26/01/2026;17;25;30;33;38
28/01/2026;14;32;38;42;49
31/01/2026;8;20;24;32;46
02/02/2026;8;18;21;34;38
04/02/2026;12;21;27;36;48
07/02/2026;5;7;27;46;47
09/02/2026;18;22;30;38;41
11/02/2026;1;2;12;28;47
14/02/2026;5;10;26;29;41
16/02/2026;5;8;11;35;45
18/02/2026;12;15;30;33;37
21/02/2026;11;22;25;26;39
23/02/2026;8;12;15;38;41
25/02/2026;7;20;36;45;48
28/02/2026;22;24;32;36;48
02/03/2026;3;19;28;36;39
04/03/2026;7;26;27;34;37
